username,name,affiliation,title,url,image
armenter,Roc Armenter,FRB Philadelphia,Executive Vice President,https://rocarm.github.io/,/assets/images/team/armenter.jpg
barany,Zsófia Bárány,CEU,Associate Professor,https://sites.google.com/site/zsofiabarany/,https://lh3.googleusercontent.com/cihKvy5FuSjTSbFHkg0n7ig8-VvjSwNJAHP1RpNKxaiGWbVzfSDBIX7T97DG7LQ6CZQh6IGyyO9-GGbBvPRGi1Dh9pU_BLf9qI5dugZgXzC16B1i=w1280
bekes,Gábor Békés,CEU,Professor,https://sites.google.com/site/bekesg/,https://lh5.googleusercontent.com/z0brvxeFlJ-UmldMSgVavPxYY4L-0bdgOmyK-DE9OX-bqo_AmaRIhxdrrCyw4gW73Y_JDsvkexe3J4xLBVRo5ImFjtbjKaWT2rq4ZZe8Vlj-Q24ZnNoNZn4WBHnfme-40g=w1280
bisztray,Márta Bisztray,Research Fellow,Academic Title,https://bisztraymarta.wixsite.com/research,/assets/images/team/bisztray.jpg
bogel,György Bőgel,,,https://njszt.hu/hu/user/bogel-gyorgy,/assets/images/team/bogel.jpg
caselli,Francesco Caselli,LSE,Professor,https://www.lse.ac.uk/economics/people/faculty/francesco-caselli,/assets/images/team/caselli.jpg
chariag,Ramzi Chariag,CEU,PhD Candidate,https://economics.ceu.edu/people/ramzi-chariag,https://economics.ceu.edu/sites/economics.ceu.edu/files/styles/panopoly_image_full/public/profilephd/portrait/1833/dsc0001.jpeg?itok=Xu8ErO3r
connolly,Marie Connolly,ESG UQAM,Full Professor,https://www.connolly.uqam.ca/index_en.html,/assets/images/team/connolly.jpg
csillag,Márton Csillag,Budapest Institute,Senior Researcher,https://budapestinstitute.eu/index.php/about_us/datasheet2/csillag_marton/en,/assets/images/team/csillag.jpg
depirro,Amanda de Pirro,Università della Svizzera Italiana,Postdoctoral Fellow,https://sites.google.com/view/amandadepirro,/assets/images/team/depirro.jpg
halpern,László Halpern,HUN-REN KRTK KTI,Retired Scientific Advisor,https://kti.krtk.hu/en/researchers/laszlo-halpern/,/assets/images/team/halpern.jpg
hinz,Julian Hinz,Bielefeld University and IfW Kiel,Professor,https://julianhinz.com/,/assets/images/team/hinz.jpg
hornok,Cecília Hornok,Kiel Institute,Postdoctoral Researcher,https://www.ifw-kiel.de/experts/cecilia-hornok/,/assets/images/team/hornok.jpg
karadi,Péter Karádi,ECB,Senior Lead Economist,https://sites.google.com/site/pkaradi696/,https://lh5.googleusercontent.com/npFMB1JVBI6--yFIUXns2ACJ165i_9MEO5mpg1XXpwHQQD1slPJbaGT1K1kl0CmrHBCLttfxSaRdD5YrIR3sDyvuxzbul1KcHSB5ZuhHB5rpQZ7isF2B7KK2wkCsH1udWQ=w1280
kissg,Gergely Attila Kiss,HUN-REN KRTK KTI,Junior Research Fellow,,/assets/images/team/kissg.jpg
kisso,Olivér Kiss,CEU,PhD Candidate,https://kisso.codes/,https://economics.ceu.edu/sites/economics.ceu.edu/files/styles/panopoly_image_full/public/profilephd/portrait/1294/kissoliverlow198870pp.jpg?itok=a4U_CVMg
kollo,János Köllő,HUN-REN KRTK KTI,Scientific Advisor,https://kti.krtk.hu/en/researchers/kollo-janos/,/assets/images/team/kollo.jpg
kondor,Péter Kondor,LSE,Professor,https://www.peterkondor.net/,https://lh5.googleusercontent.com/I_G2fdluBRQoVKkekbeHSxIPo0TPvrYDfeO8sOgOx0tUXMmLKwlJFvdr9PzDvGgXzC6SpZJWjWV02fFb1MAVmL0r-HTGqk3a4PWluW6ra4M9MNOJhVnEVxoFtQaOMMsA3A=w1280
koren,Miklós Koren,CEU,Professor,http://koren.mk,/assets/images/team/koren.jpg
korosi,Gábor Kőrösi,HUN-REN KRTK KTI,Scientific Advisor,https://kti.krtk.hu/en/researchers/gabor-korosi/,/assets/images/team/korosi.jpg
laki,Mihály Laki,,Emeritus Research Fellow,,/assets/images/team/laki.jpg
lisicky,Milan Lisicky,European Commission,Deputy Head of Unit,http://www.milanlisicky.cz/,http://www.milanlisicky.cz/index_files/image002.jpg
lohmann,Aaron Lohmann,Bielefeld University and IfW Kiel,PhD Candidate,https://www.aaronlohmann.com/,/assets/images/team/lohmann.jpg
lull,Joan Llull,BSE,Associate Research Professor,https://joanllull.github.io/,/assets/images/team/lull.jpg
matyas,László Mátyás,CEU,Professor,https://laszlo.matyas.ceu.edu/,/assets/images/team/matyas.jpg
morrow,Peter M. Morrow,University of Toronto,Associate Professor,https://sites.google.com/view/petermmorrow/home,https://lh4.googleusercontent.com/4kz6Ko6q0taN_-43cl18xO4EZH58EyGKQc1bNVK-EPSJpolAZiIPiEYKp8Yk67TTCRu2k0gRzPpPyCFpp79ta5igeyAmYZxLuWIMYWMA7Zacz4fB=w1280
murakozy,Balázs Muraközy,University of Liverpool,Associate Professor,https://sites.google.com/view/balazsmurakozy,https://lh3.googleusercontent.com/IXk2cyYfvlkFKVBnjEL6opGsgOi4FmbJOviotiS0lfO0YwBpC81CX4Ue_3cAH4IsTdU3qouEbKzsKbYvSuSwhFUZUuJgRmdQ3p_PiI5-FAgsGlJ0=w1280
nagy,Dávid Krisztián Nagy,BSE,Adjunct Professor,https://bse.eu/people/nagy-david,/assets/images/team/nagy.jpg
neubrandt,Martin Neubrandt,HUN-REN KRTK KTI,Junior Research Fellow,https://kti.krtk.hu/kutatok/neubrandt-martin/,/assets/images/team/neubrandt.jpg
orban,Krisztina Orbán,Monash University,Lecturer,https://sites.google.com/site/krisztinaorban/home,/assets/images/team/orban.jpg
pal,Jenő Pál,Emarsys,Data Scientist,https://jenopal.netlify.app/resume/,/assets/images/team/pal.jpg
peto,Rita Pető,HUN-REN KRTK KTI,Scientific Associate,https://kti.krtk.hu/en/researchers/peto-rita/,https://economics.ceu.edu/sites/economics.ceu.edu/files/styles/panopoly_image_half/public/main_image/article/1589/ritapetosmall_0.jpg?itok=KzHMmygf
reizer,Balázs Reizer,HUN-REN KRTK KTI,Senior Research Fellow,https://sites.google.com/site/balazsreizer/,/assets/images/team/reizer.jpg
ruzicska,György Ruzicska,Google,Data Scientist,https://github.com/gyorgy-ruzicska,/assets/images/team/ruzicska.jpg
szeidl,Adam Szeidl,CEU,Professor,https://people.ceu.edu/adam_szeidl,https://people.ceu.edu/sites/people.ceu.hu/files/styles/panopoly_image_full/public/profile/portrait/1253/adamszeidleea.jpg?itok=4c2IjPLC
szilagyi,Bálint Szilágyi,HUN-REN KRTK KTI,Junior Research Fellow,,/assets/images/team/szilagyi.jpg
telegdy,Álmos Telegdy,BCE,Associate Professor,https://sites.google.com/site/almostelegdyhome/,/assets/images/team/telegdy.jpg
tenreyro,Silvana Tenreyro,LSE,Professor,https://www.lse.ac.uk/economics/people/faculty/silvana-tenreyro,/assets/images/team/tenreyro.jpg
toth,Péter Tóth,Uber,Senior Applied Scientist,https://www.linkedin.com/in/peter-toth-b9367933/,https://media.licdn.com/dms/image/v2/C5603AQGYd2PSS5VFyw/profile-displayphoto-shrink_400_400/profile-displayphoto-shrink_400_400/0/1593221983800?e=1730937600&v=beta&t=yYOWLYZKS1tIpaibXKklLxNz9O8aIRsHCBdc2JEqXXw
tothcs,Csaba G. Tóth,HUN-REN KRTK KTI,Research Fellow,https://kti.krtk.hu/en/researchers/csaba-g-toth/,/assets/images/team/tothcs.jpg
vereckei,András Vereckei,HUN-REN KRTK KTI,Junior Research Fellow,,/assets/images/team/vereckei.jpg
vilhuber,Lars Vilhuber,Cornell University,Senior Research Associate,https://www.vilhuber.com/lars/,/assets/images/team/vilhuber.jpg
vincze,János Vincze,HUN-REN KRTK KTI,Professor,https://old.kti.krtk.hu/en/kutatok/janos-vincze/8259/,/assets/images/team/vincze.jpg
